Course,Quota,Category,Institute,Rank
BDS,Deemed/Paid Seats Quota,Open,"AB Shetty Memorial Inst. of Dental Sce., Mangaluru,Deralakatte, Mangaluru, Dakshina Kannada, Karnataka, 575018",865960
BDS,Deemed/Paid Seats Quota,Open,"BVDU Dental College and Hospital, Navi Mumbai,Bharati Vidyapeeth Dental College and Hospital, Sec.7, Belapur Navi Mumbai., Maharashtra, 400614",454541
BDS,Deemed/Paid Seats Quota,Open,"BVDU Dental College and Hospital, Sangli,Sangli-Miraj Road, Wanlesswadi Sangli., Maharashtra, 416414",1031725
BDS,Deemed/Paid Seats Quota,Open,"Bharati Vidyapeeth DU Dental College and Hospt., Pune,Bharati Vidyapeeth (Deemed to be University) Dental College and Hospital, Pune, Maharashtra, 411043",701754
BDS,All India,OBC,"Burdwan Dental College & Hospital, Burdwan,POWER HOUSE PARA, BURDWAN TOWN.
PURBA BARDHAMAN. W.B- 713101",50932
BDS,All India,Open,"Burdwan Dental College & Hospital, Burdwan,POWER HOUSE PARA, BURDWAN TOWN.
PURBA BARDHAMAN. W.B- 713101",46302
BDS,All India,SC,"Burdwan Dental College & Hospital, Burdwan,POWER HOUSE PARA, BURDWAN TOWN.
PURBA BARDHAMAN. W.B- 713101",181553
BDS,All India,ST,"Burdwan Dental College & Hospital, Burdwan,POWER HOUSE PARA, BURDWAN TOWN.
PURBA BARDHAMAN. W.B- 713101",439731
B.Sc. Nursing,B.Sc Nursing All India,EWS,"College of Nursing BHU, VARANASI,The Director Institute of Medical Sciences Banaras Hindu University, Uttar Pradesh, 221005",153020
B.Sc. Nursing,B.Sc Nursing All India,OBC,"College of Nursing BHU, VARANASI,The Director Institute of Medical Sciences Banaras Hindu University, Uttar Pradesh, 221005",123085
B.Sc. Nursing,B.Sc Nursing All India,Open,"College of Nursing BHU, VARANASI,The Director Institute of Medical Sciences Banaras Hindu University, Uttar Pradesh, 221005",111174
B.Sc. Nursing,B.Sc Nursing All India,SC,"College of Nursing BHU, VARANASI,The Director Institute of Medical Sciences Banaras Hindu University, Uttar Pradesh, 221005",253644
B.Sc. Nursing,B.Sc Nursing All India,ST,"College of Nursing BHU, VARANASI,The Director Institute of Medical Sciences Banaras Hindu University, Uttar Pradesh, 221005",414597
B.Sc. Nursing,B.Sc Nursing All India,EWS,"College of Nursing Bhopal Nursing College, BMHRC, BHOPAL,Bhopal Memorial Hospital and Research Centre Raisen  bypass road karond bhopal, Madhya Pradesh, 462038",161046
B.Sc. Nursing,B.Sc Nursing All India,OBC,"College of Nursing Bhopal Nursing College, BMHRC, BHOPAL,Bhopal Memorial Hospital and Research Centre Raisen  bypass road karond bhopal, Madhya Pradesh, 462038",146283
B.Sc. Nursing,B.Sc Nursing All India,Open,"College of Nursing Bhopal Nursing College, BMHRC, BHOPAL,Bhopal Memorial Hospital and Research Centre Raisen  bypass road karond bhopal, Madhya Pradesh, 462038",140473
B.Sc. Nursing,B.Sc Nursing All India,SC,"College of Nursing Bhopal Nursing College, BMHRC, BHOPAL,Bhopal Memorial Hospital and Research Centre Raisen  bypass road karond bhopal, Madhya Pradesh, 462038",264581
B.Sc. Nursing,B.Sc Nursing All India,ST,"College of Nursing Bhopal Nursing College, BMHRC, BHOPAL,Bhopal Memorial Hospital and Research Centre Raisen  bypass road karond bhopal, Madhya Pradesh, 462038",324992
B.Sc. Nursing,B.Sc Nursing All India,EWS,"College of Nursing Dr. RML Hospital, New Delhi,Baba Kharak Singh Marg College of Nursing Dr RML Hospital, Delhi (NCT), 110001 (Female Seat only )",159284
B.Sc. Nursing,B.Sc Nursing All India,OBC,"College of Nursing Dr. RML Hospital, New Delhi,Baba Kharak Singh Marg College of Nursing Dr RML Hospital, Delhi (NCT), 110001 (Female Seat only )",184889
B.Sc. Nursing,B.Sc Nursing All India,Open,"College of Nursing Dr. RML Hospital, New Delhi,Baba Kharak Singh Marg College of Nursing Dr RML Hospital, Delhi (NCT), 110001 (Female Seat only )",158115
B.Sc. Nursing,B.Sc Nursing All India,SC,"College of Nursing Dr. RML Hospital, New Delhi,Baba Kharak Singh Marg College of Nursing Dr RML Hospital, Delhi (NCT), 110001 (Female Seat only )",267175
B.Sc. Nursing,B.Sc Nursing All India,Open,"College of Nursing Florence Nightingale CON, New Delhi,collegeofnursinggtbh@gmail.com, Delhi (NCT), 110095 (Female Seat only )",178964
B.Sc. Nursing,B.Sc Nursing All India,SC,"College of Nursing Florence Nightingale CON, New Delhi,collegeofnursinggtbh@gmail.com, Delhi (NCT), 110095 (Female Seat only )",251334
B.Sc. Nursing,B.Sc Nursing Delhi NCR,OBC,"College of Nursing Florence Nightingale CON, New Delhi,collegeofnursinggtbh@gmail.com, Delhi (NCT), 110095 (Female Seat only )",620055
B.Sc. Nursing,B.Sc Nursing Delhi NCR,Open,"College of Nursing Florence Nightingale CON, New Delhi,collegeofnursinggtbh@gmail.com, Delhi (NCT), 110095 (Female Seat only )",450170
B.Sc. Nursing,B.Sc Nursing Delhi NCR,SC,"College of Nursing Florence Nightingale CON, New Delhi,collegeofnursinggtbh@gmail.com, Delhi (NCT), 110095 (Female Seat only )",716032
B.Sc. Nursing,B.Sc Nursing All India,OBC,"College of Nursing Kasturba Hospital, Delhi,College of Nursing Kasturba Hospital Daryganj, Delhi, Delhi (NCT), 110002 (Female Seat only )",216598
B.Sc. Nursing,B.Sc Nursing All India,SC,"College of Nursing Kasturba Hospital, Delhi,College of Nursing Kasturba Hospital Daryganj, Delhi, Delhi (NCT), 110002 (Female Seat only )",284878
B.Sc. Nursing,B.Sc Nursing Delhi NCR,Open,"College of Nursing Kasturba Hospital, Delhi,College of Nursing Kasturba Hospital Daryganj, Delhi, Delhi (NCT), 110002 (Female Seat only )",718328
B.Sc. Nursing,B.Sc Nursing Delhi NCR,SC,"College of Nursing Kasturba Hospital, Delhi,College of Nursing Kasturba Hospital Daryganj, Delhi, Delhi (NCT), 110002 (Female Seat only )",884502
B.Sc. Nursing,B.Sc Nursing All India,OBC,"College of Nursing LHMC, New Delhi,College of Nursing Lady Hardinge Medical College & Associated Hospitals New Delhi, Delhi (NCT), 110001 (Female Seat only )",181625
B.Sc. Nursing,B.Sc Nursing All India,Open,"College of Nursing LHMC, New Delhi,College of Nursing Lady Hardinge Medical College & Associated Hospitals New Delhi, Delhi (NCT), 110001 (Female Seat only )",142877
B.Sc. Nursing,B.Sc Nursing All India,SC,"College of Nursing LHMC, New Delhi,College of Nursing Lady Hardinge Medical College & Associated Hospitals New Delhi, Delhi (NCT), 110001 (Female Seat only )",236530
B.Sc. Nursing,B.Sc Nursing All India,ST,"College of Nursing LHMC, New Delhi,College of Nursing Lady Hardinge Medical College & Associated Hospitals New Delhi, Delhi (NCT), 110001 (Female Seat only )",519709
B.Sc. Nursing,B.Sc Nursing All India,EWS,"College of Nursing RAK CON, New Delhi,Rajkumari Amrit Kaur College of Nursing Lajpat Nagar IV Near Moolchand Metro Station, Delhi (NCT), 110024 (Female Seat only )",194548
B.Sc. Nursing,B.Sc Nursing All India,OBC,"College of Nursing RAK CON, New Delhi,Rajkumari Amrit Kaur College of Nursing Lajpat Nagar IV Near Moolchand Metro Station, Delhi (NCT), 110024 (Female Seat only )",201371
B.Sc. Nursing,B.Sc Nursing All India,Open,"College of Nursing RAK CON, New Delhi,Rajkumari Amrit Kaur College of Nursing Lajpat Nagar IV Near Moolchand Metro Station, Delhi (NCT), 110024 (Female Seat only )",164881
B.Sc. Nursing,B.Sc Nursing All India,ST,"College of Nursing RAK CON, New Delhi,Rajkumari Amrit Kaur College of Nursing Lajpat Nagar IV Near Moolchand Metro Station, Delhi (NCT), 110024 (Female Seat only )",557017
B.Sc. Nursing,B.Sc Nursing All India,OBC,"College of Nursing Safdarjung Hospital, New Delhi,College of Nursing VMMC and Safdarjang Hospital New Delhi, Delhi (NCT), 110029 (Female Seat only )",178280
B.Sc. Nursing,B.Sc Nursing All India,Open,"College of Nursing Safdarjung Hospital, New Delhi,College of Nursing VMMC and Safdarjang Hospital New Delhi, Delhi (NCT), 110029 (Female Seat only )",152688
B.Sc. Nursing,B.Sc Nursing All India,SC,"College of Nursing Safdarjung Hospital, New Delhi,College of Nursing VMMC and Safdarjang Hospital New Delhi, Delhi (NCT), 110029 (Female Seat only )",155370
B.Sc. Nursing,All India,OBC,"College of Nursing, Hindu Rao Hospital, Delhi,COLLEGE OF NURSING , HINDU RAO HOSPITAL ,MALKA GANJ DELHI 110007, Delhi (NCT), 110007",89721
B.Sc. Nursing,All India,Open,"College of Nursing, Hindu Rao Hospital, Delhi,COLLEGE OF NURSING , HINDU RAO HOSPITAL ,MALKA GANJ DELHI 110007, Delhi (NCT), 110007",86671
B.Sc. Nursing,B.Sc Nursing Delhi NCR,Open,"College of Nursing, Hindu Rao Hospital, Delhi,COLLEGE OF NURSING , HINDU RAO HOSPITAL ,MALKA GANJ DELHI 110007, Delhi (NCT), 110007",872392
B.Sc. Nursing,B.Sc Nursing Delhi NCR,SC,"College of Nursing, Hindu Rao Hospital, Delhi,COLLEGE OF NURSING , HINDU RAO HOSPITAL ,MALKA GANJ DELHI 110007, Delhi (NCT), 110007",1022498
BDS,All India,EWS,"DC, RIMS, Imphal,PO Lamphelpat, Imphal West District, Manipur, 795004",85555
BDS,All India,OBC,"DC, RIMS, Imphal,PO Lamphelpat, Imphal West District, Manipur, 795004",61009
BDS,All India,Open,"DC, RIMS, Imphal,PO Lamphelpat, Imphal West District, Manipur, 795004",53109
BDS,All India,SC,"DC, RIMS, Imphal,PO Lamphelpat, Imphal West District, Manipur, 795004",180472
BDS,All India,ST,"DC, RIMS, Imphal,PO Lamphelpat, Imphal West District, Manipur, 795004",320870
BDS,All India,Open,"DR. R. AHMED DENT.COLL & HOSP,KOLKATA,114 AJC BOSE ROAD",24046
BDS,All India,ST,"DR. R. AHMED DENT.COLL & HOSP,KOLKATA,114 AJC BOSE ROAD",357488
BDS,All India,OBC,"Dental Institue, RIMS, Ranchi,Dental College, Rajendra Institute of Medical Sciences, Bariatu, Ranchi, Jharkhand, 843009",56016
BDS,All India,Open,"Dental Institue, RIMS, Ranchi,Dental College, Rajendra Institute of Medical Sciences, Bariatu, Ranchi, Jharkhand, 843009",49596
BDS,All India,SC,"Dental Institue, RIMS, Ranchi,Dental College, Rajendra Institute of Medical Sciences, Bariatu, Ranchi, Jharkhand, 843009",175581
BDS,Deemed/Paid Seats Quota,Open,"Dr. DY Patil Dental College and Hosp. Navi Mumbai,Dr. D. Y. Patil Vidyanagar, Sector 7,
Nerul, Navi Mumbai, Maharashtra, 400706",957557
BDS,Non-Resident Indian,Open,"Dr. DY Patil Dental College and Hosp. Navi Mumbai,Dr. D. Y. Patil Vidyanagar, Sector 7,
Nerul, Navi Mumbai, Maharashtra, 400706",869957
BDS,Deemed/Paid Seats Quota,Open,"Dr. DY Patil Dental College and Hosp. Pune,Mahesh Nagar, Pimpri, Pune - 411018, Maharashtra, 411018",1027795
BDS,Aligarh Muslim University (AMU) Quota,Open,"Dr. Ziauddin Ahmed Dental College and Hospital,ALIGARH,ALIGARH MUSLIM UNIVERSITY, ALIGARH, Uttar Pradesh, 202002",85885
BDS,Non-Resident Indian (AMU) Quota,Open,"Dr. Ziauddin Ahmed Dental College and Hospital,ALIGARH,ALIGARH MUSLIM UNIVERSITY, ALIGARH, Uttar Pradesh, 202002",527530
BDS,Open Seat Quota,Open,"Dr. Ziauddin Ahmed Dental College and Hospital,ALIGARH,ALIGARH MUSLIM UNIVERSITY, ALIGARH, Uttar Pradesh, 202002",24942
BDS,All India,OBC,"ESIC Dental College and Hospital,ESIC Hospital, Sector 15, Rohini, Delhi (NCT), 110089",41868
BDS,All India,ST,"ESIC Dental College and Hospital,ESIC Hospital, Sector 15, Rohini, Delhi (NCT), 110089",312587
BDS,IP University Quota,EWS,"ESIC Dental College and Hospital,ESIC Hospital, Sector 15, Rohini, Delhi (NCT), 110089",72085
BDS,IP University Quota,OBC,"ESIC Dental College and Hospital,ESIC Hospital, Sector 15, Rohini, Delhi (NCT), 110089",88709
BDS,IP University Quota,Open,"ESIC Dental College and Hospital,ESIC Hospital, Sector 15, Rohini, Delhi (NCT), 110089",38360
BDS,IP University Quota,SC,"ESIC Dental College and Hospital,ESIC Hospital, Sector 15, Rohini, Delhi (NCT), 110089",184271
BDS,IP University Quota,ST,"ESIC Dental College and Hospital,ESIC Hospital, Sector 15, Rohini, Delhi (NCT), 110089",314357
BDS,All India,EWS,"ESIC Dental College, Gulbarga,ESIC MEDICAL COLLEGE & HOSPITAL CAMPUS, Sedam Road, Gulbarga, Karnataka, 585106",75349
BDS,All India,OBC,"ESIC Dental College, Gulbarga,ESIC MEDICAL COLLEGE & HOSPITAL CAMPUS, Sedam Road, Gulbarga, Karnataka, 585106",69116
BDS,All India,Open,"ESIC Dental College, Gulbarga,ESIC MEDICAL COLLEGE & HOSPITAL CAMPUS, Sedam Road, Gulbarga, Karnataka, 585106",67062
BDS,All India,SC,"ESIC Dental College, Gulbarga,ESIC MEDICAL COLLEGE & HOSPITAL CAMPUS, Sedam Road, Gulbarga, Karnataka, 585106",214748
BDS,Employees State Insurance Scheme (ESI),OBC,"ESIC Dental College, Gulbarga,ESIC MEDICAL COLLEGE & HOSPITAL CAMPUS, Sedam Road, Gulbarga, Karnataka, 585106",138929
BDS,Employees State Insurance Scheme (ESI),Open,"ESIC Dental College, Gulbarga,ESIC MEDICAL COLLEGE & HOSPITAL CAMPUS, Sedam Road, Gulbarga, Karnataka, 585106",95654
BDS,Employees State Insurance Scheme (ESI),SC,"ESIC Dental College, Gulbarga,ESIC MEDICAL COLLEGE & HOSPITAL CAMPUS, Sedam Road, Gulbarga, Karnataka, 585106",314155
BDS,All India,OBC,"FACULTY OF DEN SCI, KG MED UNIV,LUCKNOW,SHAHMINA ROAD,
CHOWK,LUCKNOW, Uttar Pradesh, 226003",31682
BDS,All India,Open,"FACULTY OF DEN SCI, KG MED UNIV,LUCKNOW,SHAHMINA ROAD,
CHOWK,LUCKNOW, Uttar Pradesh, 226003",23381
BDS,Muslim OBC Quota,OBC,"Faculty of Dentistry, Jamia Millia Islamia, New Delhi,Faculty of Dentistry Jamia Millia Islamia A Central University Maulana Mohammad Ali Jauhar Marg, Delhi (NCT), 110025",38494
BDS,Open Seat Quota,Open,"Faculty of Dentistry, Jamia Millia Islamia, New Delhi,Faculty of Dentistry Jamia Millia Islamia A Central University Maulana Mohammad Ali Jauhar Marg, Delhi (NCT), 110025",35224
BDS,All India,OBC,"GDC,PT.BDS UNIV.OF HEALTH SCI,ROHTAK,Post Graduate Institute of Dental Sciences, Rohtak, Haryana, 124001",54434
BDS,All India,Open,"GDC,PT.BDS UNIV.OF HEALTH SCI,ROHTAK,Post Graduate Institute of Dental Sciences, Rohtak, Haryana, 124001",50829
BDS,All India,SC,"GDC,PT.BDS UNIV.OF HEALTH SCI,ROHTAK,Post Graduate Institute of Dental Sciences, Rohtak, Haryana, 124001",127471
BDS,All India,ST,"GDC,PT.BDS UNIV.OF HEALTH SCI,ROHTAK,Post Graduate Institute of Dental Sciences, Rohtak, Haryana, 124001",353623
BDS,All India,OBC,"GOA DENTAL COLLEGE & HOSPITAL, GOA,Bambolim,Goa, Goa, 403202",75559
BDS,All India,Open,"GOA DENTAL COLLEGE & HOSPITAL, GOA,Bambolim,Goa, Goa, 403202",54265
BDS,All India,SC,"GOA DENTAL COLLEGE & HOSPITAL, GOA,Bambolim,Goa, Goa, 403202",172795
BDS,All India,ST,"GOA DENTAL COLLEGE & HOSPITAL, GOA,Bambolim,Goa, Goa, 403202",354244
BDS,All India,Open,"GOVT DEN COLL DENTAL WING PATIALA,Govt.Dental College and Hospital,Patiala, Punjab, 147001",37164
BDS,All India,SC,"GOVT DEN COLL DENTAL WING PATIALA,Govt.Dental College and Hospital,Patiala, Punjab, 147001",185571
BDS,All India,EWS,"GOVT DENTAL COLLEGE Kannur,Pariyaram Medical College P O, Kannur, Kerala- 670503., Kerala, 670503",87415
BDS,All India,OBC,"GOVT DENTAL COLLEGE Kannur,Pariyaram Medical College P O, Kannur, Kerala- 670503., Kerala, 670503",86479
BDS,All India,Open,"GOVT DENTAL COLLEGE Kannur,Pariyaram Medical College P O, Kannur, Kerala- 670503., Kerala, 670503",75646
BDS,All India,SC,"GOVT DENTAL COLLEGE Kannur,Pariyaram Medical College P O, Kannur, Kerala- 670503., Kerala, 670503",215084
BDS,All India,EWS,"GOVT. COLLEGE OF DENTISTRY, INDORE,1 Sardar Patel Marg
Indore",59878
BDS,All India,OBC,"GOVT. COLLEGE OF DENTISTRY, INDORE,1 Sardar Patel Marg
Indore",72694
BDS,All India,Open,"GOVT. COLLEGE OF DENTISTRY, INDORE,1 Sardar Patel Marg
Indore",47730
BDS,All India,SC,"GOVT. COLLEGE OF DENTISTRY, INDORE,1 Sardar Patel Marg
Indore",163568
BDS,All India,ST,"GOVT. COLLEGE OF DENTISTRY, INDORE,1 Sardar Patel Marg
Indore",217190
BDS,All India,OBC,"GOVT. D.C. & RESEARCH INST,BANGALORE,FORT, VICTORIA HOSPITAL CAMPUS, BANGALORE",61527
BDS,All India,Open,"GOVT. D.C. & RESEARCH INST,BANGALORE,FORT, VICTORIA HOSPITAL CAMPUS, BANGALORE",56321
BDS,All India,SC,"GOVT. D.C. & RESEARCH INST,BANGALORE,FORT, VICTORIA HOSPITAL CAMPUS, BANGALORE",172592
BDS,All India,ST,"GOVT. D.C. & RESEARCH INST,BANGALORE,FORT, VICTORIA HOSPITAL CAMPUS, BANGALORE",357302
BDS,All India,OBC,"GOVT. DC & RESEARCH INSt., BELLARY,GOVT DENTAL COLLEGE AND RI, VIMS CAMPUS, CANTONMENT BELLARY",75740
BDS,All India,ST,"GOVT. DC & RESEARCH INSt., BELLARY,GOVT DENTAL COLLEGE AND RI, VIMS CAMPUS, CANTONMENT BELLARY",476028
BDS,All India,OBC,"GOVT. DENTAL COLL.& HOSP., JAMNAGAR,Opp. City Police Line,
Navagam Ghed, Jamnagar, Gujarat, 361008",56094
BDS,All India,Open,"GOVT. DENTAL COLL.& HOSP., JAMNAGAR,Opp. City Police Line,
Navagam Ghed, Jamnagar, Gujarat, 361008",51655
BDS,All India,ST,"GOVT. DENTAL COLL.& HOSP., JAMNAGAR,Opp. City Police Line,
Navagam Ghed, Jamnagar, Gujarat, 361008",307172
BDS,All India,EWS,"GOVT. DENTAL COLLEGE & HOSP,AHMEDABAD,NEW CIVIL HOSPITAL CAMPUS, ASARWA, AHMEDABAD, Gujarat, 380016",51979
BDS,All India,OBC,"GOVT. DENTAL COLLEGE & HOSP,AHMEDABAD,NEW CIVIL HOSPITAL CAMPUS, ASARWA, AHMEDABAD, Gujarat, 380016",38146
BDS,All India,Open,"GOVT. DENTAL COLLEGE & HOSP,AHMEDABAD,NEW CIVIL HOSPITAL CAMPUS, ASARWA, AHMEDABAD, Gujarat, 380016",23612
BDS,All India,ST,"GOVT. DENTAL COLLEGE & HOSP,AHMEDABAD,NEW CIVIL HOSPITAL CAMPUS, ASARWA, AHMEDABAD, Gujarat, 380016",331855
BDS,All India,OBC,"GOVT. DENTAL COLLEGE & HOSP.,AURANGABAD,Government Medical College and Hospital Campus Dhanwantari Nagar Ghati Aurangabad, Maharashtra, 431001",83611
BDS,All India,Open,"GOVT. DENTAL COLLEGE & HOSP.,AURANGABAD,Government Medical College and Hospital Campus Dhanwantari Nagar Ghati Aurangabad, Maharashtra, 431001",56876
BDS,All India,SC,"GOVT. DENTAL COLLEGE & HOSP.,AURANGABAD,Government Medical College and Hospital Campus Dhanwantari Nagar Ghati Aurangabad, Maharashtra, 431001",158781
BDS,All India,OBC,"GOVT. DENTAL COLLEGE & HOSP.,MUMBAI,St Georges Hospital Compound P D Mellow road Fort Mumbai, Maharashtra, 400001",61059
BDS,All India,Open,"GOVT. DENTAL COLLEGE & HOSP.,MUMBAI,St Georges Hospital Compound P D Mellow road Fort Mumbai, Maharashtra, 400001",56503
BDS,All India,ST,"GOVT. DENTAL COLLEGE & HOSP.,MUMBAI,St Georges Hospital Compound P D Mellow road Fort Mumbai, Maharashtra, 400001",270338
BDS,All India,OBC,"GOVT. DENTAL COLLEGE & HOSP.,NAGPUR,Government Dental College And Hospital GMC Campus Nagpur, Maharashtra, 440003",53553
BDS,All India,Open,"GOVT. DENTAL COLLEGE & HOSP.,NAGPUR,Government Dental College And Hospital GMC Campus Nagpur, Maharashtra, 440003",52244
BDS,All India,ST,"GOVT. DENTAL COLLEGE, KOTTAYAM,Government Dental College, P.O.Gandhinagar
Kottayam- 686008, Kerala, 686008",403512
BDS,All India,OBC,"GOVT. DENTAL COLLEGE, KOZIKODE,MEDICAL COLLEGE CAMPUS, MEDICAL COLLEGE P.O., KOZHIKODE, Kerala, 673008",93491
BDS,All India,Open,"GOVT. DENTAL COLLEGE, KOZIKODE,MEDICAL COLLEGE CAMPUS, MEDICAL COLLEGE P.O., KOZHIKODE, Kerala, 673008",81769
BDS,All India,SC,"GOVT. DENTAL COLLEGE, KOZIKODE,MEDICAL COLLEGE CAMPUS, MEDICAL COLLEGE P.O., KOZHIKODE, Kerala, 673008",218262
BDS,All India,OBC,"GOVT. DENTAL COLLEGE, RAIPUR,Near Marahi Mata Mandir, Rajbandha Maidan, Raipur (C.G.), Chhattisgarh, 492001",66173
BDS,All India,Open,"GOVT. DENTAL COLLEGE, RAIPUR,Near Marahi Mata Mandir, Rajbandha Maidan, Raipur (C.G.), Chhattisgarh, 492001",55536
BDS,All India,SC,"GOVT. DENTAL COLLEGE, RAIPUR,Near Marahi Mata Mandir, Rajbandha Maidan, Raipur (C.G.), Chhattisgarh, 492001",194391
BDS,All India,ST,"GOVT. DENTAL COLLEGE, RAIPUR,Near Marahi Mata Mandir, Rajbandha Maidan, Raipur (C.G.), Chhattisgarh, 492001",462511
BDS,All India,OBC,"GOVT. DENTAL COLLEGE, SHIMLA,HP GOVERNMENT DENTAL COLLEGE AND HOSPITAL SHIMLA",54745
BDS,All India,Open,"GOVT. DENTAL COLLEGE, SHIMLA,HP GOVERNMENT DENTAL COLLEGE AND HOSPITAL SHIMLA",52651
BDS,All India,SC,"GOVT. DENTAL COLLEGE, SHIMLA,HP GOVERNMENT DENTAL COLLEGE AND HOSPITAL SHIMLA",174096
BDS,All India,Open,"GOVT. DENTAL COLLEGE, TRIVANDRUM,Govt Dental College Thiruvananthapuram Kerala",62213
BDS,All India,SC,"GOVT. DENTAL COLLEGE, TRIVANDRUM,Govt Dental College Thiruvananthapuram Kerala",225919
BDS,All India,ST,"GOVT. DENTAL COLLEGE, TRIVANDRUM,Govt Dental College Thiruvananthapuram Kerala",509038
BDS,All India,OBC,"Government Dental College & Hospital, Srinagar,Shireen Bagh Karan Nagar Srinagar Jammu and Kashmir India, Jammu And Kashmir, 190010",75610
BDS,All India,Open,"Government Dental College & Hospital, Srinagar,Shireen Bagh Karan Nagar Srinagar Jammu and Kashmir India, Jammu And Kashmir, 190010",62711
BDS,All India,SC,"Government Dental College & Hospital, Srinagar,Shireen Bagh Karan Nagar Srinagar Jammu and Kashmir India, Jammu And Kashmir, 190010",195514
BDS,All India,EWS,"Government Dental College Hyderabad,GOVERNMENT DENTAL COLLEGE AND HOSPITAL,
AFZALGUNJ, HYDERABAD - 500012, Telangana, 500012",63594
BDS,All India,OBC,"Government Dental College Hyderabad,GOVERNMENT DENTAL COLLEGE AND HOSPITAL,
AFZALGUNJ, HYDERABAD - 500012, Telangana, 500012",72902
BDS,All India,Open,"Government Dental College Hyderabad,GOVERNMENT DENTAL COLLEGE AND HOSPITAL,
AFZALGUNJ, HYDERABAD - 500012, Telangana, 500012",46073
BDS,All India,SC,"Government Dental College Hyderabad,GOVERNMENT DENTAL COLLEGE AND HOSPITAL,
AFZALGUNJ, HYDERABAD - 500012, Telangana, 500012",176030
BDS,All India,ST,"Government Dental College Hyderabad,GOVERNMENT DENTAL COLLEGE AND HOSPITAL,
AFZALGUNJ, HYDERABAD - 500012, Telangana, 500012",344799
BDS,All India,OBC,"Government Dental College and Hospital, Vijayawada,Government Dental College and Hospital, Machavaram Post, Vijayawada - 520004, Andhra Pradesh, 520004",79265
BDS,All India,Open,"Government Dental College and Hospital, Vijayawada,Government Dental College and Hospital, Machavaram Post, Vijayawada - 520004, Andhra Pradesh, 520004",52684
BDS,All India,ST,"Government Dental College and Hospital, Vijayawada,Government Dental College and Hospital, Machavaram Post, Vijayawada - 520004, Andhra Pradesh, 520004",269691
BDS,All India,EWS,"Government Dental College, Alappuzha,Government Dental College
T.D Medical College (PO) Alappuzha,Kerala, Kerala, 688005",87485
BDS,All India,OBC,"Government Dental College, Alappuzha,Government Dental College
T.D Medical College (PO) Alappuzha,Kerala, Kerala, 688005",87542
BDS,All India,Open,"Government Dental College, Alappuzha,Government Dental College
T.D Medical College (PO) Alappuzha,Kerala, Kerala, 688005",76418
BDS,All India,SC,"Government Dental College, Alappuzha,Government Dental College
T.D Medical College (PO) Alappuzha,Kerala, Kerala, 688005",180397
BDS,All India,Open,"Government Dental College, Thrissur,MEDICAL COLLEGE(P O) THRISSUR, Kerala, 680596",82366
BDS,All India,SC,"Government Dental College, Thrissur,MEDICAL COLLEGE(P O) THRISSUR, Kerala, 680596",210568
BDS,All India,ST,"Government Dental College, Thrissur,MEDICAL COLLEGE(P O) THRISSUR, Kerala, 680596",452721
BDS,All India,OBC,"Govt Dental College RIMS Kadapa,PRINCIPAL GOVT DENTAL COLLEGE, RIMS, PUTLAMPALLI KADAPA  State ANDHRA PRADESH Pin 516004, Andhra Pradesh, 516004",87993
BDS,All India,Open,"Govt Dental College RIMS Kadapa,PRINCIPAL GOVT DENTAL COLLEGE, RIMS, PUTLAMPALLI KADAPA  State ANDHRA PRADESH Pin 516004, Andhra Pradesh, 516004",72907
BDS,All India,SC,"Govt Dental College RIMS Kadapa,PRINCIPAL GOVT DENTAL COLLEGE, RIMS, PUTLAMPALLI KADAPA  State ANDHRA PRADESH Pin 516004, Andhra Pradesh, 516004",188384
BDS,All India,ST,"Govt Dental College RIMS Kadapa,PRINCIPAL GOVT DENTAL COLLEGE, RIMS, PUTLAMPALLI KADAPA  State ANDHRA PRADESH Pin 516004, Andhra Pradesh, 516004",372724
BDS,Open Seat Quota,EWS,"IMS BHU Dental, Varanasi,Institute of Medical Sciences, Banaras Hindu University, Uttar Pradesh, 221105",27129
BDS,Open Seat Quota,OBC,"IMS BHU Dental, Varanasi,Institute of Medical Sciences, Banaras Hindu University, Uttar Pradesh, 221105",35805
BDS,Open Seat Quota,Open,"IMS BHU Dental, Varanasi,Institute of Medical Sciences, Banaras Hindu University, Uttar Pradesh, 221105",23284
BDS,Open Seat Quota,SC,"IMS BHU Dental, Varanasi,Institute of Medical Sciences, Banaras Hindu University, Uttar Pradesh, 221105",127323
BDS,Open Seat Quota,ST,"IMS BHU Dental, Varanasi,Institute of Medical Sciences, Banaras Hindu University, Uttar Pradesh, 221105",346474
BDS,Deemed/Paid Seats Quota,Open,"Indira Gandhi Dental College and SBV, Pondycherry,SBV Campus, Pillaiyarkuppam, Pondicherry, Puducherry, 607402",815172
BDS,All India,OBC,"Indira Gandhi Govt. Dental College, Jammu,Indira Gandhi Govt. Dental College, Rehari Chungi, Jammu, Jammu And Kashmir, 180005",67649
BDS,All India,Open,"Indira Gandhi Govt. Dental College, Jammu,Indira Gandhi Govt. Dental College, Rehari Chungi, Jammu, Jammu And Kashmir, 180005",57669
BDS,All India,ST,"Indira Gandhi Govt. Dental College, Jammu,Indira Gandhi Govt. Dental College, Rehari Chungi, Jammu, Jammu And Kashmir, 180005",255912
BDS,Deemed/Paid Seats Quota,Open,"Institute of Dental Sciences, Bhubaneswar,K8, Kalinga Nagar, PO-Mahalaxmi Vihar, Bhubaneswar, Odisha, 751003",810238
BDS,Deemed/Paid Seats Quota,Open,"JSS Dental College, Mysuru,The Principal JSS Dental College and Hospital Medical Institutions Campus Bannimantap S S Nagar Mysu, Karnataka, 570015",403013
BDS,All India,EWS,"Jawaharlal Nehru Institute of Dental Sciences, Imphal,Porompat, Imphal East, Manipur, Manipur, 795005",82081
BDS,All India,OBC,"Jawaharlal Nehru Institute of Dental Sciences, Imphal,Porompat, Imphal East, Manipur, Manipur, 795005",92631
BDS,All India,Open,"Jawaharlal Nehru Institute of Dental Sciences, Imphal,Porompat, Imphal East, Manipur, Manipur, 795005",69898
BDS,All India,SC,"Jawaharlal Nehru Institute of Dental Sciences, Imphal,Porompat, Imphal East, Manipur, Manipur, 795005",204758
BDS,All India,ST,"Jawaharlal Nehru Institute of Dental Sciences, Imphal,Porompat, Imphal East, Manipur, Manipur, 795005",342416
BDS,Deemed/Paid Seats Quota,Open,"KLE VK Inst. of Dental Scie. Belagavi,KLE V.K. Institute of Dental Sciences, J.N. Medical College Campus, Nehru Nagar,Belagavi-590010.Karn, Karnataka, 590010",767883
B.Sc. Nursing,B.Sc Nursing All India,EWS,"Laxmi Bai Batra College Of Nursing, Delhi,45,46, 47, Tughlakabad Institutional Area, Mehrauli Badarpur Road, New Delhi, Delhi (NCT), 110062 (Female Seat only )",215624
B.Sc. Nursing,B.Sc Nursing All India,OBC,"Laxmi Bai Batra College Of Nursing, Delhi,45,46, 47, Tughlakabad Institutional Area, Mehrauli Badarpur Road, New Delhi, Delhi (NCT), 110062 (Female Seat only )",245245
B.Sc. Nursing,B.Sc Nursing All India,Open,"Laxmi Bai Batra College Of Nursing, Delhi,45,46, 47, Tughlakabad Institutional Area, Mehrauli Badarpur Road, New Delhi, Delhi (NCT), 110062 (Female Seat only )",201405
B.Sc. Nursing,B.Sc Nursing All India,SC,"Laxmi Bai Batra College Of Nursing, Delhi,45,46, 47, Tughlakabad Institutional Area, Mehrauli Badarpur Road, New Delhi, Delhi (NCT), 110062 (Female Seat only )",284369
B.Sc. Nursing,B.Sc Nursing All India,ST,"Laxmi Bai Batra College Of Nursing, Delhi,45,46, 47, Tughlakabad Institutional Area, Mehrauli Badarpur Road, New Delhi, Delhi (NCT), 110062 (Female Seat only )",573599
B.Sc. Nursing,B.Sc Nursing Delhi NCR,Open,"Laxmi Bai Batra College Of Nursing, Delhi,45,46, 47, Tughlakabad Institutional Area, Mehrauli Badarpur Road, New Delhi, Delhi (NCT), 110062 (Female Seat only )",820047
B.Sc. Nursing,B.Sc Nursing Delhi NCR,SC,"Laxmi Bai Batra College Of Nursing, Delhi,45,46, 47, Tughlakabad Institutional Area, Mehrauli Badarpur Road, New Delhi, Delhi (NCT), 110062 (Female Seat only )",1045388
BDS,All India,EWS,"M.G.D.C. & HOSPITAL, PUDUCHERRY,GOVT. OF PUDUCHERRY INSTITUTION, GORIMEDU, PONDICHERRY, Puducherry, 605006",72563
BDS,All India,OBC,"M.G.D.C. & HOSPITAL, PUDUCHERRY,GOVT. OF PUDUCHERRY INSTITUTION, GORIMEDU, PONDICHERRY, Puducherry, 605006",66035
BDS,All India,Open,"M.G.D.C. & HOSPITAL, PUDUCHERRY,GOVT. OF PUDUCHERRY INSTITUTION, GORIMEDU, PONDICHERRY, Puducherry, 605006",55321
BDS,All India,SC,"M.G.D.C. & HOSPITAL, PUDUCHERRY,GOVT. OF PUDUCHERRY INSTITUTION, GORIMEDU, PONDICHERRY, Puducherry, 605006",178130
BDS,All India,ST,"M.G.D.C. & HOSPITAL, PUDUCHERRY,GOVT. OF PUDUCHERRY INSTITUTION, GORIMEDU, PONDICHERRY, Puducherry, 605006",395121
BDS,Deemed/Paid Seats Quota,Open,"MANAV RACHNA DENTAL COLLEGE FARIDABAD,SECTOR - 43, DELHI SURAJKUND ROAD FARIDABAD, Haryana, 121004",293729
BDS,All India,SC,"Maulana Azad Institute of Dental Sciences, New Delhi,MAMC Complex, B.S. Zafar Marg, New Delhi, Delhi (NCT), 110002",127382
BDS,Delhi University Quota,OBC,"Maulana Azad Institute of Dental Sciences, New Delhi,MAMC Complex, B.S. Zafar Marg, New Delhi, Delhi (NCT), 110002",33901
BDS,Delhi University Quota,Open,"Maulana Azad Institute of Dental Sciences, New Delhi,MAMC Complex, B.S. Zafar Marg, New Delhi, Delhi (NCT), 110002",25172
BDS,Deemed/Paid Seats Quota,Open,"Meenakshi Ammal Dental College and Host., Chennai1,ALAPAKKAM MAIN ROAD MADURAVOYAL
CHENNAI, Tamil Nadu, 600095",1038907
BDS,All India,OBC,"NAIR HOSP DENTAL COLLEGE & HOSP,MUMBAI,Dr. A.L. Nair Road, Mumbai
Central, Mumbai - 400 008, Maharashtra, 400008",47491
BDS,All India,Open,"NAIR HOSP DENTAL COLLEGE & HOSP,MUMBAI,Dr. A.L. Nair Road, Mumbai
Central, Mumbai - 400 008, Maharashtra, 400008",43244
BDS,All India,SC,"NAIR HOSP DENTAL COLLEGE & HOSP,MUMBAI,Dr. A.L. Nair Road, Mumbai
Central, Mumbai - 400 008, Maharashtra, 400008",142234
BDS,All India,Open,"NORTH BENGAL DENT.COLL,SUSHRUTNAGAR,P.O SHUSHRUTA NAGAR, DIST. DARJEELING,",26583
BDS,All India,SC,"NORTH BENGAL DENT.COLL,SUSHRUTNAGAR,P.O SHUSHRUTA NAGAR, DIST. DARJEELING,",182279
BDS,All India,ST,"NORTH BENGAL DENT.COLL,SUSHRUTNAGAR,P.O SHUSHRUTA NAGAR, DIST. DARJEELING,",450815
BDS,All India,ST,"PATNA DENTAL COLLEGE & HOSPITAL, PATNA,BANKIPUR,ASHOK RAJPATH,PATNA, Bihar, 800004",292649
BDS,All India,Open,"PB. GOVT. DENTAL COLLEGE & HOSP,AMRITSAR,Majitha Road,Amritsar, Punjab, 143001",51255
BDS,All India,SC,"PB. GOVT. DENTAL COLLEGE & HOSP,AMRITSAR,Majitha Road,Amritsar, Punjab, 143001",191881
B.Sc. Nursing,B.Sc Nursing All India,OBC,"Panna Dai College of Nursing, New Delhi,Deen Dayal Upadhayay Hospital, Hari Nagar, Delhi, Delhi (NCT), 110064 (Female Seat only )",218419
B.Sc. Nursing,B.Sc Nursing All India,Open,"Panna Dai College of Nursing, New Delhi,Deen Dayal Upadhayay Hospital, Hari Nagar, Delhi, Delhi (NCT), 110064 (Female Seat only )",191384
B.Sc. Nursing,B.Sc Nursing Delhi NCR,Open,"Panna Dai College of Nursing, New Delhi,Deen Dayal Upadhayay Hospital, Hari Nagar, Delhi, Delhi (NCT), 110064 (Female Seat only )",707363
BDS,All India,OBC,"REGIONAL DENTAL COLLEGE, GUWAHATI,PO Indrapur,Bhangagarh, Guwahati, Assam, 781032",71135
BDS,All India,Open,"REGIONAL DENTAL COLLEGE, GUWAHATI,PO Indrapur,Bhangagarh, Guwahati, Assam, 781032",63338
BDS,All India,SC,"REGIONAL DENTAL COLLEGE, GUWAHATI,PO Indrapur,Bhangagarh, Guwahati, Assam, 781032",204572
BDS,All India,OBC,"RUHS College of Dental Science, Jaipur,Ruhs College of dental science , johtwara road jaipur, Rajasthan, 302016",50397
BDS,All India,Open,"RUHS College of Dental Science, Jaipur,Ruhs College of dental science , johtwara road jaipur, Rajasthan, 302016",46727
BDS,All India,EWS,"Rajah Muthiah Dental College and Hos. , Annamalai ,GOVT DENTAL COLLEGE AND HOSPITAL, CUDDALORE DT- ERSTWHILE RAJAH MUTHIAH DENTAL COLLEGE AND HOSPITAL, Tamil Nadu, 608002",85038
BDS,All India,OBC,"Rajah Muthiah Dental College and Hos. , Annamalai ,GOVT DENTAL COLLEGE AND HOSPITAL, CUDDALORE DT- ERSTWHILE RAJAH MUTHIAH DENTAL COLLEGE AND HOSPITAL, Tamil Nadu, 608002",89540
BDS,All India,Open,"Rajah Muthiah Dental College and Hos. , Annamalai ,GOVT DENTAL COLLEGE AND HOSPITAL, CUDDALORE DT- ERSTWHILE RAJAH MUTHIAH DENTAL COLLEGE AND HOSPITAL, Tamil Nadu, 608002",74927
BDS,All India,SC,"Rajah Muthiah Dental College and Hos. , Annamalai ,GOVT DENTAL COLLEGE AND HOSPITAL, CUDDALORE DT- ERSTWHILE RAJAH MUTHIAH DENTAL COLLEGE AND HOSPITAL, Tamil Nadu, 608002",215220
BDS,All India,ST,"Rajah Muthiah Dental College and Hos. , Annamalai ,GOVT DENTAL COLLEGE AND HOSPITAL, CUDDALORE DT- ERSTWHILE RAJAH MUTHIAH DENTAL COLLEGE AND HOSPITAL, Tamil Nadu, 608002",433536
BDS,Deemed/Paid Seats Quota,Open,"Rural Dental College, Loni,At - Loni  Tal - Rahata Dist - Ahmednagar
Maharashtra State, India PIN-413736
(Near Shirdi), Maharashtra, 413736",1027003
BDS,All India,OBC,"S.C.B. MEDICAL COLL(DENTAL),CUTTACK,S.C.B. Dental College and Hospital, Mangalabag, Cuttack, Pin-753 007, Odisha, 753007",66779
BDS,All India,Open,"S.C.B. MEDICAL COLL(DENTAL),CUTTACK,S.C.B. Dental College and Hospital, Mangalabag, Cuttack, Pin-753 007, Odisha, 753007",59629
BDS,All India,SC,"S.C.B. MEDICAL COLL(DENTAL),CUTTACK,S.C.B. Dental College and Hospital, Mangalabag, Cuttack, Pin-753 007, Odisha, 753007",196290
BDS,Deemed/Paid Seats Quota,Open,"SATHYABAMA UNIV. Dental College and Hospt. Chennai,JEPPIAAR NAGAR RAJIV GANDHI SALAI, Tamil Nadu, 600119",682214
BDS,Deemed/Paid Seats Quota,Open,"Santosh Dental College and Hospital, Ghaziabad,No.1, Santosh Nagar, Ghaziabad, NCR Delhi, Uttar Pradesh, 201009",1026355
BDS,Deemed/Paid Seats Quota,Open,"School of Dental Sciences and KIMSDU, Karad,KARAD, DIST SATARA (MAHARASHTRA STATE) - 415110, Maharashtra, 415110",1036511
B.Sc. Nursing,B.Sc Nursing All India,EWS,"Shakuntla School and College Of Nursing, New Delhi,Jaunti, Jaunti-Garhi Randhala Road, Delhi, Delhi (NCT), 110081 (Female Seat only )",409857
B.Sc. Nursing,B.Sc Nursing All India,OBC,"Shakuntla School and College Of Nursing, New Delhi,Jaunti, Jaunti-Garhi Randhala Road, Delhi, Delhi (NCT), 110081 (Female Seat only )",390197
B.Sc. Nursing,B.Sc Nursing All India,Open,"Shakuntla School and College Of Nursing, New Delhi,Jaunti, Jaunti-Garhi Randhala Road, Delhi, Delhi (NCT), 110081 (Female Seat only )",320962
B.Sc. Nursing,B.Sc Nursing All India,SC,"Shakuntla School and College Of Nursing, New Delhi,Jaunti, Jaunti-Garhi Randhala Road, Delhi, Delhi (NCT), 110081 (Female Seat only )",361208
B.Sc. Nursing,B.Sc Nursing All India,ST,"Shakuntla School and College Of Nursing, New Delhi,Jaunti, Jaunti-Garhi Randhala Road, Delhi, Delhi (NCT), 110081 (Female Seat only )",635406
B.Sc. Nursing,B.Sc Nursing Delhi NCR,Open,"Shakuntla School and College Of Nursing, New Delhi,Jaunti, Jaunti-Garhi Randhala Road, Delhi, Delhi (NCT), 110081 (Female Seat only )",707692
B.Sc. Nursing,B.Sc Nursing Delhi NCR,SC,"Shakuntla School and College Of Nursing, New Delhi,Jaunti, Jaunti-Garhi Randhala Road, Delhi, Delhi (NCT), 110081 (Female Seat only )",1051599
BDS,Deemed/Paid Seats Quota,Open,"Sharad Pawar Dental College and Hospital, Wardha,Sawangi (Meghe), Wardha, Maharashtra State, INDIA, Maharashtra, 442107",559158
BDS,Deemed/Paid Seats Quota,Open,"Sree Balaji Dental College and Hospital, Chennai,VELACHERY MAIN ROAD, NARAYANAPURAM, PALLIKARANAI, CHENNAI - 600 100, Tamil Nadu, 600100",836465
BDS,Deemed/Paid Seats Quota,Open,"Sri Ramachandra Dental and Hospt., Chennai,No. 1 Ramachandra Nagar, Porur, Chennai., Tamil Nadu, 600116",935786
BDS,Deemed/Paid Seats Quota,Open,"Sri Siddhartha DentalCollege, Tumkur,AGALAKOTE B H ROAD TUMKUR, Karnataka, 572107",964668
B.Sc. Nursing,B.Sc Nursing All India,EWS,"St. Stephen's Hospital College of Nursing, Delhi,ST. STEPHENS HOSPITAL, TIS HAZARI, Delhi (NCT), 110054 (Female Seat only )",479310
B.Sc. Nursing,B.Sc Nursing All India,OBC,"St. Stephen's Hospital College of Nursing, Delhi,ST. STEPHENS HOSPITAL, TIS HAZARI, Delhi (NCT), 110054 (Female Seat only )",240339
B.Sc. Nursing,B.Sc Nursing All India,Open,"St. Stephen's Hospital College of Nursing, Delhi,ST. STEPHENS HOSPITAL, TIS HAZARI, Delhi (NCT), 110054 (Female Seat only )",213434
B.Sc. Nursing,B.Sc Nursing All India,SC,"St. Stephen's Hospital College of Nursing, Delhi,ST. STEPHENS HOSPITAL, TIS HAZARI, Delhi (NCT), 110054 (Female Seat only )",328119
B.Sc. Nursing,B.Sc Nursing All India,ST,"St. Stephen's Hospital College of Nursing, Delhi,ST. STEPHENS HOSPITAL, TIS HAZARI, Delhi (NCT), 110054 (Female Seat only )",852708
B.Sc. Nursing,Christian Minority Quota,Open,"St. Stephen's Hospital College of Nursing, Delhi,ST. STEPHENS HOSPITAL, TIS HAZARI, Delhi (NCT), 110054 (Female Seat only )",850365
BDS,All India,OBC,"TAMILNADU GOVT D.C. & HOSP, CHENNAI,No. 1, TNPSC SALAI, PARK TOWN, CHENNAI   600003, Tamil Nadu, 600003",83630
BDS,All India,Open,"TAMILNADU GOVT D.C. & HOSP, CHENNAI,No. 1, TNPSC SALAI, PARK TOWN, CHENNAI   600003, Tamil Nadu, 600003",71253
BDS,All India,SC,"TAMILNADU GOVT D.C. & HOSP, CHENNAI,No. 1, TNPSC SALAI, PARK TOWN, CHENNAI   600003, Tamil Nadu, 600003",215148
BDS,All India,ST,"TAMILNADU GOVT D.C. & HOSP, CHENNAI,No. 1, TNPSC SALAI, PARK TOWN, CHENNAI   600003, Tamil Nadu, 600003",336872
BDS,Deemed/Paid Seats Quota,Open,"Thaimoogambigai Dental College and Hsopt. Chennai,Golden George Nagar, Mogappair, Chennai 600 107, Tamil Nadu, 600107",272650
BDS,Deemed/Paid Seats Quota,Open,"VMS Dental College, Salem,Sankari Main Road
NH  47  Ariyanoor  PO  Salem   Tamilnadu., Tamil Nadu, 636308",561996
BDS,Deemed/Paid Seats Quota,Open,"Yenepoya Dental College, Yenepoya,University Road Deralakatte Mangaluru, Karnataka, 575018",702659
BDS,Non-Resident Indian,Open,"Yenepoya Dental College, Yenepoya,University Road Deralakatte Mangaluru, Karnataka, 575018",1015277
